typeCode,freqCode,refPeriodId,refYear,refMonth,period,reporterCode,reporterISO,reporterDesc,flowCode,flowDesc,partnerCode,partnerISO,partnerDesc,partner2Code,partner2ISO,partner2Desc,classificationCode,classificationSearchCode,isOriginalClassification,cmdCode,cmdDesc,aggrLevel,isLeaf,customsCode,customsDesc,mosCode,motCode,motDesc,qtyUnitCode,qtyUnitAbbr,qty,isQtyEstimated,altQtyUnitCode,altQtyUnitAbbr,altQty,isAltQtyEstimated,netWgt,isNetWgtEstimated,grossWgt,isGrossWgtEstimated,cifvalue,fobvalue,primaryValue,legacyEstimationFlag,isReported,isAggregate
"C","M","20240101","2024","1","202401","20","AND","Andorra","M","Import","0","W00","World","0","W00","World","H6","HS","true","8542","Electronic integrated circuits","4","false","C00","TOTAL CPC","0","0","TOTAL MOT","-1","N/A","0","false","-1","N/A","0","false","215.88","false","0","false","255884.334",,"255884.334","0","false","true",
"C","M","20240101","2024","1","202401","24","AGO","Angola","M","Import","0","W00","World","0","W00","World","H5","HS","true","8542","Electronic integrated circuits","4","false","C00","TOTAL CPC","0","0","TOTAL MOT","-1","N/A","0","false","-1","N/A","0","false",,"false","0","false","318982.067","308398.14","318982.067","0","false","true",
"C","M","20240101","2024","1","202401","24","AGO","Angola","X","Export","0","W00","World","0","W00","World","H5","HS","true","8542","Electronic integrated circuits","4","false","C00","TOTAL CPC","0","0","TOTAL MOT","-1","N/A","0","false","-1","N/A","0","false","27","false","0","false",,"5399.994","5399.994","0","false","true",
"C","M","20240101","2024","1","202401","28","ATG","Antigua and Barbuda","M","Import","0","W00","World","0","W00","World","H3","HS","true","8542","Electronic integrated circuits","4","false","C00","TOTAL CPC","0","0","TOTAL MOT","5","u","79","false","5","u","79","false","382.91","false","0","false","5330.14",,"5330.14","0","false","true",
"C","M","20240101","2024","1","202401","31","AZE","Azerbaijan","M","Import","0","W00","World","0","W00","World","H6","HS","true","8542","Electronic integrated circuits","4","false","C00","TOTAL CPC","0","0","TOTAL MOT","-1","N/A","0","false","-1","N/A","0","false","325.181","false","0","false","142920.2",,"142920.2","0","false","true",
"C","M","20240101","2024","1","202401","31","AZE","Azerbaijan","X","Export","0","W00","World","0","W00","World","H6","HS","true","8542","Electronic integrated circuits","4","false","C00","TOTAL CPC","0","0","TOTAL MOT","5","u","8","false","5","u","8","false","2.5","false","0","false",,"3287.25","3287.25","0","false","true",
"C","M","20240101","2024","1","202401","32","ARG","Argentina","M","Import","0","W00","World","0","W00","World","H6","HS","true","8542","Electronic integrated circuits","4","false","C00","TOTAL CPC","0","0","TOTAL MOT","-1","N/A","0","false","-1","N/A","0","false","79560.318","false","0","false","12078680.17","11869497.99","12078680.17","0","false","true",
"C","M","20240101","2024","1","202401","36","AUS","Australia","M","Import","0","W00","World","0","W00","World","H6","HS","true","8542","Electronic integrated circuits","4","false","C00","TOTAL CPC","0","0","TOTAL MOT","-1","N/A","0","true","-1","N/A","0","false",,"false","0","false","31579568.372","31240132.32","31579568.372","2","false","true",
"C","M","20240101","2024","1","202401","36","AUS","Australia","X","Export","0","W00","World","0","W00","World","H6","HS","true","8542","Electronic integrated circuits","4","false","C00","TOTAL CPC","0","0","TOTAL MOT","-1","N/A","0","false","-1","N/A","0","false",,"false","35.427","false",,"5540233.472","5540233.472","0","false","true",
"C","M","20240101","2024","1","202401","51","ARM","Armenia","M","Import","0","W00","World","0","W00","World","H6","HS","true","8542","Electronic integrated circuits","4","false","C00","TOTAL CPC","0","0","TOTAL MOT","5","u","17321","false","5","u","17321","false","28.781","true","0","false","22637.91",,"22637.91","4","false","true",
"C","M","20240101","2024","1","202401","52","BRB","Barbados","M","Import","0","W00","World","0","W00","World","H6","HS","true","8542","Electronic integrated circuits","4","false","C00","TOTAL CPC","0","0","TOTAL MOT","-1","N/A","0","false","-1","N/A","0","false","315.583","true","0","false","10074",,"10074","4","false","true",
"C","M","20240101","2024","1","202401","56","BEL","Belgium","M","Import","0","W00","World","0","W00","World","H6","HS","true","8542","Electronic integrated circuits","4","false","C00","TOTAL CPC","0","0","TOTAL MOT","-1","N/A","0","false","-1","N/A","0","false","619920.908","true","0","false","568533554.855",,"568533554.855","4","false","true",
"C","M","20240101","2024","1","202401","56","BEL","Belgium","X","Export","0","W00","World","0","W00","World","H6","HS","true","8542","Electronic integrated circuits","4","false","C00","TOTAL CPC","0","0","TOTAL MOT","-1","N/A","0","false","-1","N/A","0","false","696418.744","true","0","false",,"210227452.126","210227452.126","4","false","true",
"C","M","20240101","2024","1","202401","68","BOL","Bolivia (Plurinational State of)","M","Import","0","W00","World","0","W00","World","H6","HS","true","8542","Electronic integrated circuits","4","false","C00","TOTAL CPC","0","0","TOTAL MOT","-1","N/A","0","false","-1","N/A","0","false",,"false","0","false","176239","168884","176239","0","false","true",
"C","M","20240101","2024","1","202401","68","BOL","Bolivia (Plurinational State of)","X","Export","0","W00","World","0","W00","World","H6","HS","true","8542","Electronic integrated circuits","4","false","C00","TOTAL CPC","0","0","TOTAL MOT","-1","N/A","0","false","-1","N/A","0","false","7.01","false","8.89","false",,"2782.57","2782.57","0","false","true",
"C","M","20240101","2024","1","202401","70","BIH","Bosnia Herzegovina","M","Import","0","W00","World","0","W00","World","H6","HS","true","8542","Electronic integrated circuits","4","false","C00","TOTAL CPC","0","0","TOTAL MOT","-1","N/A","0","false","-1","N/A","0","false","2028.57","false","0","false","454469.65",,"454469.65","0","false","true",
"C","M","20240101","2024","1","202401","70","BIH","Bosnia Herzegovina","X","Export","0","W00","World","0","W00","World","H6","HS","true","8542","Electronic integrated circuits","4","false","C00","TOTAL CPC","0","0","TOTAL MOT","-1","N/A","0","false","-1","N/A","0","false","957.91","false","0","false",,"285230.529","285230.529","0","false","true",
"C","M","20240101","2024","1","202401","76","BRA","Brazil","M","Import","0","W00","World","0","W00","World","H6","HS","true","8542","Electronic integrated circuits","4","false","C00","TOTAL CPC","0","0","TOTAL MOT","-1","N/A","0","true","-1","N/A","0","false","261445.207","true","0","false","525710850","522285325","525710850","6","false","true",
"C","M","20240101","2024","1","202401","76","BRA","Brazil","X","Export","0","W00","World","0","W00","World","H6","HS","true","8542","Electronic integrated circuits","4","false","C00","TOTAL CPC","0","0","TOTAL MOT","-1","N/A","0","true","-1","N/A","0","false","4434.397","true","0","false",,"2613133","2613133","6","false","true",
"C","M","20240101","2024","1","202401","84","BLZ","Belize","M","Import","0","W00","World","0","W00","World","H6","HS","true","8542","Electronic integrated circuits","4","false","C00","TOTAL CPC","0","0","TOTAL MOT","-1","N/A","0","false","-1","N/A","0","false","1359.04","false","0","false","40949.94",,"40949.94","0","false","true",
"C","M","20240101","2024","1","202401","100","BGR","Bulgaria","M","Import","0","W00","World","0","W00","World","H6","HS","true","8542","Electronic integrated circuits","4","false","C00","TOTAL CPC","0","0","TOTAL MOT","-1","N/A","0","false","-1","N/A","0","false","48964.273","true","0","false","35645094.48",,"35645094.48","4","false","true",
"C","M","20240101","2024","1","202401","100","BGR","Bulgaria","X","Export","0","W00","World","0","W00","World","H6","HS","true","8542","Electronic integrated circuits","4","false","C00","TOTAL CPC","0","0","TOTAL MOT","-1","N/A","0","false","-1","N/A","0","false","27465.85","true","0","false",,"53892567.277","53892567.277","4","false","true",
"C","M","20240101","2024","1","202401","104","MMR","Myanmar","M","Import","0","W00","World","0","W00","World","H6","HS","true","8542","Electronic integrated circuits","4","false","C00","TOTAL CPC","0","0","TOTAL MOT","5","u","30092","false","5","u","30092","false",,"false","0","false","5959.65",,"5959.65","0","false","true",
"C","M","20240101","2024","1","202401","124","CAN","Canada","M","Import","0","W00","World","0","W00","World","H6","HS","true","8542","Electronic integrated circuits","4","false","C00","TOTAL CPC","0","0","TOTAL MOT","-1","N/A","0","false","-1","N/A","0","false",,"false","0","false",,"157070757.308","157070757.308","0","false","true",
"C","M","20240101","2024","1","202401","124","CAN","Canada","X","Export","0","W00","World","0","W00","World","H6","HS","true","8542","Electronic integrated circuits","4","false","C00","TOTAL CPC","0","0","TOTAL MOT","-1","N/A","0","false","-1","N/A","0","false",,"false","0","false",,"81349025.746","81349025.746","0","false","true",
"C","M","20240101","2024","1","202401","132","CPV","Cabo Verde","M","Import","0","W00","World","0","W00","World","H5","HS","true","8542","Electronic integrated circuits","4","false","C00","TOTAL CPC","0","0","TOTAL MOT","-1","N/A","0","false","-1","N/A","0","false","30","false","0","false","10716.276","9585.756","10716.276","0","false","true",
"C","M","20240101","2024","1","202401","132","CPV","Cabo Verde","X","Export","0","W00","World","0","W00","World","H5","HS","true","8542","Electronic integrated circuits","4","false","C00","TOTAL CPC","0","0","TOTAL MOT","-1","N/A","0","false","-1","N/A","0","false","1","false","0","false","251.036","251.036","251.036","0","false","true",
"C","M","20240101","2024","1","202401","152","CHL","Chile","M","Import","0","W00","World","0","W00","World","H6","HS","true","8542","Electronic integrated circuits","4","false","C00","TOTAL CPC","0","0","TOTAL MOT","-1","N/A","0","true","-1","N/A","0","false",,"false","0","false","4478318.357","4309203.524","4478318.357","2","false","true",
"C","M","20240101","2024","1","202401","152","CHL","Chile","X","Export","0","W00","World","0","W00","World","H6","HS","true","8542","Electronic integrated circuits","4","false","C00","TOTAL CPC","0","0","TOTAL MOT","-1","N/A","0","false","-1","N/A","0","false",,"false","0","false",,"335961.916","335961.916","0","false","true",
"C","M","20240101","2024","1","202401","156","CHN","China","M","Import","0","W00","World","0","W00","World","H6","HS","true","8542","Electronic integrated circuits","4","false","C00","TOTAL CPC","0","0","TOTAL MOT","-1","N/A","0","true","-1","N/A","0","false","4924194.704","true","0","false","29965490390",,"29965490390","6","false","true",
"C","M","20240101","2024","1","202401","156","CHN","China","X","Export","0","W00","World","0","W00","World","H6","HS","true","8542","Electronic integrated circuits","4","false","C00","TOTAL CPC","0","0","TOTAL MOT","-1","N/A","0","true","-1","N/A","0","false","3586021.173","true","0","false",,"12333070331","12333070331","6","false","true",
"C","M","20240101","2024","1","202401","170","COL","Colombia","M","Import","0","W00","World","0","W00","World","H6","HS","true","8542","Electronic integrated circuits","4","false","C00","TOTAL CPC","0","0","TOTAL MOT","-1","N/A","0","false","-1","N/A","0","false","35927.07","false","0","false","6439411.34","6292676.26","6439411.34","0","false","true",
"C","M","20240101","2024","1","202401","170","COL","Colombia","X","Export","0","W00","World","0","W00","World","H6","HS","true","8542","Electronic integrated circuits","4","false","C00","TOTAL CPC","0","0","TOTAL MOT","-1","N/A","0","false","5","u","1096957","false","30754.89","false","0","false",,"690283.29","690283.29","0","false","true",
"C","M","20240101","2024","1","202401","191","HRV","Croatia","M","Import","0","W00","World","0","W00","World","H6","HS","true","8542","Electronic integrated circuits","4","false","C00","TOTAL CPC","0","0","TOTAL MOT","-1","N/A","0","false","-1","N/A","0","false","9115.092","false","0","false","4604988",,"4604988","0","false","true",
"C","M","20240101","2024","1","202401","191","HRV","Croatia","X","Export","0","W00","World","0","W00","World","H6","HS","true","8542","Electronic integrated circuits","4","false","C00","TOTAL CPC","0","0","TOTAL MOT","-1","N/A","0","false","-1","N/A","0","false","298.151","false","0","false",,"102521","102521","0","false","true",
"C","M","20240101","2024","1","202401","196","CYP","Cyprus","M","Import","0","W00","World","0","W00","World","H6","HS","true","8542","Electronic integrated circuits","4","false","C00","TOTAL CPC","0","0","TOTAL MOT","-1","N/A","0","false","-1","N/A","0","false","2603","false","0","false","341568.498",,"341568.498","0","false","true",
"C","M","20240101","2024","1","202401","196","CYP","Cyprus","X","Export","0","W00","World","0","W00","World","H6","HS","true","8542","Electronic integrated circuits","4","false","C00","TOTAL CPC","0","0","TOTAL MOT","-1","N/A","0","false","-1","N/A","0","false","3.301","true","0","false",,"4550.713","4550.713","4","false","true",
"C","M","20240101","2024","1","202401","203","CZE","Czechia","M","Import","0","W00","World","0","W00","World","H6","HS","true","8542","Electronic integrated circuits","4","false","C00","TOTAL CPC","0","0","TOTAL MOT","-1","N/A","0","false","-1","N/A","0","false","362212.572","true","0","false","369224343","352003107","369224343","4","false","true",
"C","M","20240101","2024","1","202401","203","CZE","Czechia","X","Export","0","W00","World","0","W00","World","H6","HS","true","8542","Electronic integrated circuits","4","false","C00","TOTAL CPC","0","0","TOTAL MOT","-1","N/A","0","false","-1","N/A","0","false","693486.483","true","0","false",,"91223061","91223061","4","false","true",
"C","M","20240101","2024","1","202401","208","DNK","Denmark","M","Import","0","W00","World","0","W00","World","H6","HS","true","8542","Electronic integrated circuits","4","false","C00","TOTAL CPC","0","0","TOTAL MOT","-1","N/A","0","false","-1","N/A","0","false",,"false","0","false","38981177.221",,"38981177.221","0","false","true",
"C","M","20240101","2024","1","202401","208","DNK","Denmark","X","Export","0","W00","World","0","W00","World","H6","HS","true","8542","Electronic integrated circuits","4","false","C00","TOTAL CPC","0","0","TOTAL MOT","-1","N/A","0","false","-1","N/A","0","false","192875.917","true","0","false",,"19799469.627","19799469.627","4","false","true",
"C","M","20240101","2024","1","202401","214","DOM","Dominican Rep.","M","Import","0","W00","World","0","W00","World","H6","HS","true","8542","Electronic integrated circuits","4","false","C00","TOTAL CPC","0","0","TOTAL MOT","-1","N/A","0","true","-1","N/A","0","false","158015.576","false","0","false","7035289.74","6770266.189","7035289.74","2","false","true",
"C","M","20240101","2024","1","202401","214","DOM","Dominican Rep.","X","Export","0","W00","World","0","W00","World","H6","HS","true","8542","Electronic integrated circuits","4","false","C00","TOTAL CPC","0","0","TOTAL MOT","-1","N/A","0","false","5","u","23808","false","450.34","false","0","false",,"192580.356","192580.356","0","false","true",
"C","M","20240101","2024","1","202401","218","ECU","Ecuador","M","Import","0","W00","World","0","W00","World","H6","HS","true","8542","Electronic integrated circuits","4","false","C00","TOTAL CPC","0","0","TOTAL MOT","-1","N/A","0","false","5","u","389320","false",,"false","0","false","1237966.791","1198118.735","1237966.791","0","false","true",
"C","M","20240101","2024","1","202401","218","ECU","Ecuador","X","Export","0","W00","World","0","W00","World","H6","HS","true","8542","Electronic integrated circuits","4","false","C00","TOTAL CPC","0","0","TOTAL MOT","5","u","13306","false","5","u","13306","false",,"false","0","false",,"52473.88","52473.88","0","false","true",
"C","M","20240101","2024","1","202401","222","SLV","El Salvador","M","Import","0","W00","World","0","W00","World","H6","HS","true","8542","Electronic integrated circuits","4","false","C00","TOTAL CPC","0","0","TOTAL MOT","-1","N/A","0","false","-1","N/A","0","false","5449.12","false","0","false","284250.93",,"284250.93","0","false","true",
"C","M","20240101","2024","1","202401","222","SLV","El Salvador","X","Export","0","W00","World","0","W00","World","H6","HS","true","8542","Electronic integrated circuits","4","false","C00","TOTAL CPC","0","0","TOTAL MOT","-1","N/A","0","false","-1","N/A","0","false","165.26","false","0","false",,"9420.23","9420.23","0","false","true",
"C","M","20240101","2024","1","202401","233","EST","Estonia","M","Import","0","W00","World","0","W00","World","H6","HS","true","8542","Electronic integrated circuits","4","false","C00","TOTAL CPC","0","0","TOTAL MOT","-1","N/A","0","false","-1","N/A","0","false","386980.407","false","0","false","18127618.1",,"18127618.1","0","false","true",
"C","M","20240101","2024","1","202401","233","EST","Estonia","X","Export","0","W00","World","0","W00","World","H6","HS","true","8542","Electronic integrated circuits","4","false","C00","TOTAL CPC","0","0","TOTAL MOT","-1","N/A","0","false","-1","N/A","0","false","16798.38","false","0","false",,"6173430.34","6173430.34","0","false","true",
"C","M","20240101","2024","1","202401","242","FJI","Fiji","M","Import","0","W00","World","0","W00","World","H6","HS","true","8542","Electronic integrated circuits","4","false","C00","TOTAL CPC","0","0","TOTAL MOT","-1","N/A","0","false","-1","N/A","0","false","56.584","true","0","false","31030.052",,"31030.052","4","false","true",
"C","M","20240101","2024","1","202401","246","FIN","Finland","M","Import","0","W00","World","0","W00","World","H6","HS","true","8542","Electronic integrated circuits","4","false","C00","TOTAL CPC","0","0","TOTAL MOT","-1","N/A","0","false","-1","N/A","0","false","41445.393","true","0","false","59514806.439",,"59514806.439","4","false","true",
"C","M","20240101","2024","1","202401","246","FIN","Finland","X","Export","0","W00","World","0","W00","World","H6","HS","true","8542","Electronic integrated circuits","4","false","C00","TOTAL CPC","0","0","TOTAL MOT","-1","N/A","0","false","-1","N/A","0","false","17233.497","true","0","false",,"36190527.965","36190527.965","4","false","true",
"C","M","20240101","2024","1","202401","251","FRA","France","M","Import","0","W00","World","0","W00","World","H6","HS","true","8542","Electronic integrated circuits","4","false","C00","TOTAL CPC","0","0","TOTAL MOT","-1","N/A","0","false","-1","N/A","0","false","1370288.903","true","0","false","425303350.599",,"425303350.599","4","false","true",
"C","M","20240101","2024","1","202401","251","FRA","France","X","Export","0","W00","World","0","W00","World","H6","HS","true","8542","Electronic integrated circuits","4","false","C00","TOTAL CPC","0","0","TOTAL MOT","-1","N/A","0","false","-1","N/A","0","false","347335.57","true","0","false",,"487024563.822","487024563.822","4","false","true",
"C","M","20240101","2024","1","202401","258","PYF","French Polynesia","M","Import","0","W00","World","0","W00","World","H5","HS","true","8542","Electronic integrated circuits","4","false","C00","TOTAL CPC","0","0","TOTAL MOT","-1","N/A","0","false","-1","N/A","0","false","68.07","false","0","false","9328.096",,"9328.096","0","false","true",
"C","M","20240101","2024","1","202401","268","GEO","Georgia","M","Import","0","W00","World","0","W00","World","H5","HS","true","8542","Electronic integrated circuits","4","false","C00","TOTAL CPC","0","0","TOTAL MOT","-1","N/A","0","false","-1","N/A","0","false","5464.47","false","0","false","788148.939",,"788148.939","0","false","true",
"C","M","20240101","2024","1","202401","268","GEO","Georgia","X","Export","0","W00","World","0","W00","World","H5","HS","true","8542","Electronic integrated circuits","4","false","C00","TOTAL CPC","0","0","TOTAL MOT","5","u","13","false","5","u","13","false","7.56","false","0","false",,"793.13","793.13","0","false","true",
"C","M","20240101","2024","1","202401","276","DEU","Germany","M","Import","0","W00","World","0","W00","World","H6","HS","true","8542","Electronic integrated circuits","4","false","C00","TOTAL CPC","0","0","TOTAL MOT","-1","N/A","0","false","-1","N/A","0","false","1152851.139","true","0","false","1897394656.123",,"1897394656.123","4","false","true",
"C","M","20240101","2024","1","202401","276","DEU","Germany","X","Export","0","W00","World","0","W00","World","H6","HS","true","8542","Electronic integrated circuits","4","false","C00","TOTAL CPC","0","0","TOTAL MOT","-1","N/A","0","false","-1","N/A","0","false","939281.731","true","0","false",,"1722372546.757","1722372546.757","4","false","true",
"C","M","20240101","2024","1","202401","300","GRC","Greece","M","Import","0","W00","World","0","W00","World","H6","HS","true","8542","Electronic integrated circuits","4","false","C00","TOTAL CPC","0","0","TOTAL MOT","-1","N/A","0","false","-1","N/A","0","false","192500","false","0","false","6639501.724",,"6639501.724","0","false","true",
"C","M","20240101","2024","1","202401","300","GRC","Greece","X","Export","0","W00","World","0","W00","World","H6","HS","true","8542","Electronic integrated circuits","4","false","C00","TOTAL CPC","0","0","TOTAL MOT","-1","N/A","0","false","-1","N/A","0","false","11102","false","0","false",,"1546044.074","1546044.074","0","false","true",
"C","M","20240101","2024","1","202401","308","GRD","Grenada","M","Import","0","W00","World","0","W00","World","H4","HS","true","8542","Electronic integrated circuits","4","false","C00","TOTAL CPC","0","0","TOTAL MOT","-1","N/A","0","false","-1","N/A","0","false","525.02","false","0","false","3888.963",,"3888.963","0","false","true",
"C","M","20240101","2024","1","202401","320","GTM","Guatemala","M","Import","0","W00","World","0","W00","World","H6","HS","true","8542","Electronic integrated circuits","4","false","C00","TOTAL CPC","0","0","TOTAL MOT","-1","N/A","0","false","-1","N/A","0","false","18341","false","0","false","1245981",,"1245981","0","false","true",
"C","M","20240101","2024","1","202401","320","GTM","Guatemala","X","Export","0","W00","World","0","W00","World","H6","HS","true","8542","Electronic integrated circuits","4","false","C00","TOTAL CPC","0","0","TOTAL MOT","-1","N/A","0","false","-1","N/A","0","false","30","false","0","false",,"7800","7800","0","false","true",
"C","M","20240101","2024","1","202401","328","GUY","Guyana","M","Import","0","W00","World","0","W00","World","H5","HS","true","8542","Electronic integrated circuits","4","false","C00","TOTAL CPC","0","0","TOTAL MOT","-1","N/A","0","false","5","u","271","false","230.552","true","0","false","11981.098",,"11981.098","4","false","true",
"C","M","20240101","2024","1","202401","328","GUY","Guyana","X","Export","0","W00","World","0","W00","World","H5","HS","true","8542","Electronic integrated circuits","4","false","C00","TOTAL CPC","0","0","TOTAL MOT","5","u","9","false","5","u","9","false","18.03","false","0","false",,"1000","1000","0","false","true",
"C","M","20240101","2024","1","202401","344","HKG","China, Hong Kong SAR","M","Import","0","W00","World","0","W00","World","H6","HS","true","8542","Electronic integrated circuits","4","false","C00","TOTAL CPC","0","0","TOTAL MOT","-1","N/A","0","false","-1","N/A","0","false","9219360.494","true","0","false","16330373414.478",,"16330373414.478","4","false","true",
"C","M","20240101","2024","1","202401","344","HKG","China, Hong Kong SAR","X","Export","0","W00","World","0","W00","World","H6","HS","true","8542","Electronic integrated circuits","4","false","C00","TOTAL CPC","0","0","TOTAL MOT","-1","N/A","0","false","-1","N/A","0","false",,"false","0","false",,"18606434053.521","18606434053.521","0","false","true",
"C","M","20240101","2024","1","202401","348","HUN","Hungary","M","Import","0","W00","World","0","W00","World","H6","HS","true","8542","Electronic integrated circuits","4","false","C00","TOTAL CPC","0","0","TOTAL MOT","-1","N/A","0","false","-1","N/A","0","false","0","true","0","false","372306277",,"372306277","4","false","true",
"C","M","20240101","2024","1","202401","348","HUN","Hungary","X","Export","0","W00","World","0","W00","World","H6","HS","true","8542","Electronic integrated circuits","4","false","C00","TOTAL CPC","0","0","TOTAL MOT","-1","N/A","0","false","-1","N/A","0","false","0","true","0","false",,"49620540","49620540","4","false","true",
"C","M","20240101","2024","1","202401","352","ISL","Iceland","M","Import","0","W00","World","0","W00","World","H6","HS","true","8542","Electronic integrated circuits","4","false","C00","TOTAL CPC","0","0","TOTAL MOT","-1","N/A","0","false","-1","N/A","0","false","1044.316","true","0","false","263712.927","256109.611","263712.927","4","false","true",
"C","M","20240101","2024","1","202401","352","ISL","Iceland","X","Export","0","W00","World","0","W00","World","H6","HS","true","8542","Electronic integrated circuits","4","false","C00","TOTAL CPC","0","0","TOTAL MOT","-1","N/A","0","false","-1","N/A","0","false",,"false","0","false",,"1403.492","1403.492","0","false","true",
"C","M","20240101","2024","1","202401","360","IDN","Indonesia","M","Import","0","W00","World","0","W00","World","H6","HS","true","8542","Electronic integrated circuits","4","false","C00","TOTAL CPC","0","0","TOTAL MOT","-1","N/A","0","false","-1","N/A","0","false","513974.045","true","0","false","338432629",,"338432629","4","false","true",
"C","M","20240101","2024","1","202401","360","IDN","Indonesia","X","Export","0","W00","World","0","W00","World","H6","HS","true","8542","Electronic integrated circuits","4","false","C00","TOTAL CPC","0","0","TOTAL MOT","-1","N/A","0","false","-1","N/A","0","false","116374.228","true","0","false",,"54733187.257","54733187.257","4","false","true",
"C","M","20240101","2024","1","202401","372","IRL","Ireland","M","Import","0","W00","World","0","W00","World","H6","HS","true","8542","Electronic integrated circuits","4","false","C00","TOTAL CPC","0","0","TOTAL MOT","-1","N/A","0","false","-1","N/A","0","false","62307.662","true","0","false","384872816.219",,"384872816.219","4","false","true",
"C","M","20240101","2024","1","202401","372","IRL","Ireland","X","Export","0","W00","World","0","W00","World","H6","HS","true","8542","Electronic integrated circuits","4","false","C00","TOTAL CPC","0","0","TOTAL MOT","-1","N/A","0","false","-1","N/A","0","false","16090.431","true","0","false",,"567365003.928","567365003.928","4","false","true",
"C","M","20240101","2024","1","202401","376","ISR","Israel","M","Import","0","W00","World","0","W00","World","H6","HS","true","8542","Electronic integrated circuits","4","false","C00","TOTAL CPC","0","0","TOTAL MOT","-1","N/A","0","false","-1","N/A","0","false",,"false","0","false","155949000",,"155949000","0","false","true",
"C","M","20240101","2024","1","202401","376","ISR","Israel","X","Export","0","W00","World","0","W00","World","H6","HS","true","8542","Electronic integrated circuits","4","false","C00","TOTAL CPC","0","0","TOTAL MOT","-1","N/A","0","false","-1","N/A","0","false",,"false","0","false",,"387386000","387386000","0","false","true",
"C","M","20240101","2024","1","202401","380","ITA","Italy","M","Import","0","W00","World","0","W00","World","H6","HS","true","8542","Electronic integrated circuits","4","false","C00","TOTAL CPC","0","0","TOTAL MOT","-1","N/A","0","false","-1","N/A","0","false","1088347.673","true","0","false","191255550.878",,"191255550.878","4","false","true",
"C","M","20240101","2024","1","202401","380","ITA","Italy","X","Export","0","W00","World","0","W00","World","H6","HS","true","8542","Electronic integrated circuits","4","false","C00","TOTAL CPC","0","0","TOTAL MOT","-1","N/A","0","false","-1","N/A","0","false","268706.914","true","0","false",,"181684167.273","181684167.273","4","false","true",
"C","M","20240101","2024","1","202401","392","JPN","Japan","M","Import","0","W00","World","0","W00","World","H6","HS","true","8542","Electronic integrated circuits","4","false","C00","TOTAL CPC","0","0","TOTAL MOT","-1","N/A","0","true","-1","N/A","0","false",,"false","0","false","1846430251.987",,"1846430251.987","2","false","true",
"C","M","20240101","2024","1","202401","392","JPN","Japan","X","Export","0","W00","World","0","W00","World","H6","HS","true","8542","Electronic integrated circuits","4","false","C00","TOTAL CPC","0","0","TOTAL MOT","-1","N/A","0","true","-1","N/A","0","false",,"false","0","false",,"2386403559.549","2386403559.549","2","false","true",
"C","M","20240101","2024","1","202401","398","KAZ","Kazakhstan","M","Import","0","W00","World","0","W00","World","H6","HS","true","8542","Electronic integrated circuits","4","false","C00","TOTAL CPC","0","0","TOTAL MOT","-1","N/A","0","false","-1","N/A","0","false","2313.23","true","0","false","3053851.45",,"3053851.45","4","false","true",
"C","M","20240101","2024","1","202401","398","KAZ","Kazakhstan","X","Export","0","W00","World","0","W00","World","H6","HS","true","8542","Electronic integrated circuits","4","false","C00","TOTAL CPC","0","0","TOTAL MOT","-1","N/A","0","false","-1","N/A","0","false","38.01","false","0","false",,"26955.93","26955.93","0","false","true",
"C","M","20240101","2024","1","202401","410","KOR","Rep. of Korea","M","Import","0","W00","World","0","W00","World","H6","HS","true","8542","Electronic integrated circuits","4","false","C00","TOTAL CPC","0","0","TOTAL MOT","-1","N/A","0","false","-1","N/A","0","false","666965.498","false","0","false","4597593138",,"4597593138","0","false","true",
"C","M","20240101","2024","1","202401","410","KOR","Rep. of Korea","X","Export","0","W00","World","0","W00","World","H6","HS","true","8542","Electronic integrated circuits","4","false","C00","TOTAL CPC","0","0","TOTAL MOT","-1","N/A","0","false","-1","N/A","0","false","1473218.878","false","0","false",,"8203888690","8203888690","0","false","true",
"C","M","20240101","2024","1","202401","414","KWT","Kuwait","M","Import","0","W00","World","0","W00","World","H6","HS","true","8542","Electronic integrated circuits","4","false","C00","TOTAL CPC","0","0","TOTAL MOT","-1","N/A","0","false","-1","N/A","0","false","1313.958","false","0","false","241838",,"241838","0","false","true",
"C","M","20240101","2024","1","202401","417","KGZ","Kyrgyzstan","M","Import","0","W00","World","0","W00","World","H6","HS","true","8542","Electronic integrated circuits","4","false","C00","TOTAL CPC","0","0","TOTAL MOT","-1","N/A","0","false","-1","N/A","0","false","40.034","true","0","false","164240",,"164240","4","false","true",
"C","M","20240101","2024","1","202401","417","KGZ","Kyrgyzstan","X","Export","0","W00","World","0","W00","World","H6","HS","true","8542","Electronic integrated circuits","4","false","C00","TOTAL CPC","0","0","TOTAL MOT","-1","N/A","0","false","-1","N/A","0","false","5","false","0","false",,"28","28","0","false","true",
"C","M","20240101","2024","1","202401","428","LVA","Latvia","M","Import","0","W00","World","0","W00","World","H6","HS","true","8542","Electronic integrated circuits","4","false","C00","TOTAL CPC","0","0","TOTAL MOT","-1","N/A","0","false","-1","N/A","0","false","39834.781","true","0","false","12027985.84",,"12027985.84","4","false","true",
"C","M","20240101","2024","1","202401","428","LVA","Latvia","X","Export","0","W00","World","0","W00","World","H6","HS","true","8542","Electronic integrated circuits","4","false","C00","TOTAL CPC","0","0","TOTAL MOT","-1","N/A","0","false","-1","N/A","0","false","6777.132","true","0","false",,"8232457.513","8232457.513","4","false","true",
"C","M","20240101","2024","1","202401","440","LTU","Lithuania","M","Import","0","W00","World","0","W00","World","H6","HS","true","8542","Electronic integrated circuits","4","false","C00","TOTAL CPC","0","0","TOTAL MOT","-1","N/A","0","false","-1","N/A","0","false","54478.773","false","0","false","16116296",,"16116296","0","false","true",
"C","M","20240101","2024","1","202401","440","LTU","Lithuania","X","Export","0","W00","World","0","W00","World","H6","HS","true","8542","Electronic integrated circuits","4","false","C00","TOTAL CPC","0","0","TOTAL MOT","-1","N/A","0","false","-1","N/A","0","false","243956.924","false","0","false",,"2378855","2378855","0","false","true",
"C","M","20240101","2024","1","202401","442","LUX","Luxembourg","M","Import","0","W00","World","0","W00","World","H6","HS","true","8542","Electronic integrated circuits","4","false","C00","TOTAL CPC","0","0","TOTAL MOT","-1","N/A","0","false","-1","N/A","0","false","9799.378","false","0","false","1370134.258","1316137.727","1370134.258","0","false","true",
"C","M","20240101","2024","1","202401","442","LUX","Luxembourg","X","Export","0","W00","World","0","W00","World","H6","HS","true","8542","Electronic integrated circuits","4","false","C00","TOTAL CPC","0","0","TOTAL MOT","-1","N/A","0","false","-1","N/A","0","false","673.437","false","0","false",,"404517.056","404517.056","0","false","true",
"C","M","20240101","2024","1","202401","446","MAC","China, Macao SAR","M","Import","0","W00","World","0","W00","World","H6","HS","true","8542","Electronic integrated circuits","4","false","C00","TOTAL CPC","0","0","TOTAL MOT","-1","N/A","0","false","-1","N/A","0","false","15362.434","true","0","false","20334127.234",,"20334127.234","4","false","true",
"C","M","20240101","2024","1","202401","454","MWI","Malawi","M","Import","0","W00","World","0","W00","World","H6","HS","true","8542","Electronic integrated circuits","4","false","C00","TOTAL CPC","0","0","TOTAL MOT","5","u","113","false","5","u","113","false","909.5","false","0","false","129599.99",,"129599.99","0","false","true",
"C","M","20240101","2024","1","202401","458","MYS","Malaysia","M","Import","0","W00","World","0","W00","World","H6","HS","true","8542","Electronic integrated circuits","4","false","C00","TOTAL CPC","0","0","TOTAL MOT","-1","N/A","0","true","-1","N/A","0","false","8480419.051","true","0","false","3655845053.254",,"3655845053.254","6","false","true",
"C","M","20240101","2024","1","202401","458","MYS","Malaysia","X","Export","0","W00","World","0","W00","World","H6","HS","true","8542","Electronic integrated circuits","4","false","C00","TOTAL CPC","0","0","TOTAL MOT","-1","N/A","0","false","-1","N/A","0","false",,"false","0","false",,"5522694452.69","5522694452.69","0","false","true",
"C","M","20240101","2024","1","202401","470","MLT","Malta","M","Import","0","W00","World","0","W00","World","H6","HS","true","8542","Electronic integrated circuits","4","false","C00","TOTAL CPC","0","0","TOTAL MOT","-1","N/A","0","false","-1","N/A","0","false","42178","false","0","false","59844654.097",,"59844654.097","0","false","true",
"C","M","20240101","2024","1","202401","470","MLT","Malta","X","Export","0","W00","World","0","W00","World","H6","HS","true","8542","Electronic integrated circuits","4","false","C00","TOTAL CPC","0","0","TOTAL MOT","-1","N/A","0","false","-1","N/A","0","false","19571","false","0","false",,"65873916.389","65873916.389","0","false","true",
"C","M","20240101","2024","1","202401","480","MUS","Mauritius","M","Import","0","W00","World","0","W00","World","H6","HS","true","8542","Electronic integrated circuits","4","false","C00","TOTAL CPC","0","0","TOTAL MOT","-1","N/A","0","false","-1","N/A","0","false","7403","false","0","false","83334.124","80634.268","83334.124","0","false","true",
"C","M","20240101","2024","1","202401","480","MUS","Mauritius","X","Export","0","W00","World","0","W00","World","H6","HS","true","8542","Electronic integrated circuits","4","false","C00","TOTAL CPC","0","0","TOTAL MOT","-1","N/A","0","false","-1","N/A","0","false","12691","false","0","false",,"170260.673","170260.673","0","false","true",
"C","M","20240101","2024","1","202401","484","MEX","Mexico","M","Import","0","W00","World","0","W00","World","H6","HS","true","8542","Electronic integrated circuits","4","false","C00","TOTAL CPC","0","0","TOTAL MOT","-1","N/A","0","false","-1","N/A","0","false",,"false","0","false",,"1749446690","1749446690","0","false","true",
"C","M","20240101","2024","1","202401","484","MEX","Mexico","X","Export","0","W00","World","0","W00","World","H6","HS","true","8542","Electronic integrated circuits","4","false","C00","TOTAL CPC","0","0","TOTAL MOT","-1","N/A","0","false","-1","N/A","0","false",,"false","0","false",,"253587242","253587242","0","false","true",
"C","M","20240101","2024","1","202401","498","MDA","Rep. of Moldova","M","Import","0","W00","World","0","W00","World","H6","HS","true","8542","Electronic integrated circuits","4","false","C00","TOTAL CPC","0","0","TOTAL MOT","-1","N/A","0","false","-1","N/A","0","false","652.866","true","0","false","763801",,"763801","4","false","true",
"C","M","20240101","2024","1","202401","499","MNE","Montenegro","M","Import","0","W00","World","0","W00","World","H6","HS","true","8542","Electronic integrated circuits","4","false","C00","TOTAL CPC","0","0","TOTAL MOT","-1","N/A","0","false","-1","N/A","0","false","347.93","false","0","false","87188.397",,"87188.397","0","false","true",
"C","M","20240101","2024","1","202401","499","MNE","Montenegro","X","Export","0","W00","World","0","W00","World","H6","HS","true","8542","Electronic integrated circuits","4","false","C00","TOTAL CPC","0","0","TOTAL MOT","5","u","1","false","5","u","1","false","0.1","false","0","false",,"6.543","6.543","0","false","true",
"C","M","20240101","2024","1","202401","500","MSR","Montserrat","M","Import","0","W00","World","0","W00","World","H5","HS","true","8542","Electronic integrated circuits","4","false","C00","TOTAL CPC","0","0","TOTAL MOT","-1","N/A","0","false","-1","N/A","0","false","4","false","0","false","434.856",,"434.856","0","false","true",
"C","M","20240101","2024","1","202401","504","MAR","Morocco","M","Import","0","W00","World","0","W00","World","H6","HS","true","8542","Electronic integrated circuits","4","false","C00","TOTAL CPC","0","0","TOTAL MOT","-1","N/A","0","false","-1","N/A","0","false","146573.167","true","0","false","14875999.809",,"14875999.809","4","false","true",
"C","M","20240101","2024","1","202401","504","MAR","Morocco","X","Export","0","W00","World","0","W00","World","H6","HS","true","8542","Electronic integrated circuits","4","false","C00","TOTAL CPC","0","0","TOTAL MOT","-1","N/A","0","false","-1","N/A","0","false","206922.123","false","0","false",,"15634706.619","15634706.619","0","false","true",
"C","M","20240101","2024","1","202401","516","NAM","Namibia","M","Import","0","W00","World","0","W00","World","H6","HS","true","8542","Electronic integrated circuits","4","false","C00","TOTAL CPC","0","0","TOTAL MOT","-1","N/A","0","false","-1","N/A","0","false","390.946","true","0","false","23275.412","21143.015","23275.412","4","false","true",
"C","M","20240101","2024","1","202401","516","NAM","Namibia","X","Export","0","W00","World","0","W00","World","H6","HS","true","8542","Electronic integrated circuits","4","false","C00","TOTAL CPC","0","0","TOTAL MOT","-1","N/A","0","false","-1","N/A","0","false","3.105","true","0","false","143.983","143.983","143.983","4","false","true",
"C","M","20240101","2024","1","202401","528","NLD","Netherlands","M","Import","0","W00","World","0","W00","World","H6","HS","true","8542","Electronic integrated circuits","4","false","C00","TOTAL CPC","0","0","TOTAL MOT","-1","N/A","0","false","-1","N/A","0","false","256618.406","true","0","false","415153449.514",,"415153449.514","4","false","true",
"C","M","20240101","2024","1","202401","528","NLD","Netherlands","X","Export","0","W00","World","0","W00","World","H6","HS","true","8542","Electronic integrated circuits","4","false","C00","TOTAL CPC","0","0","TOTAL MOT","-1","N/A","0","false","-1","N/A","0","false","708036.252","true","0","false",,"201566175.134","201566175.134","4","false","true",
"C","M","20240101","2024","1","202401","554","NZL","New Zealand","M","Import","0","W00","World","0","W00","World","H6","HS","true","8542","Electronic integrated circuits","4","false","C00","TOTAL CPC","0","0","TOTAL MOT","-1","N/A","0","false","-1","N/A","0","false","0","true","0","false","3846548.762","3813043.823","3846548.762","4","false","true",
"C","M","20240101","2024","1","202401","554","NZL","New Zealand","X","Export","0","W00","World","0","W00","World","H6","HS","true","8542","Electronic integrated circuits","4","false","C00","TOTAL CPC","0","0","TOTAL MOT","-1","N/A","0","false","-1","N/A","0","false",,"false","0","false",,"824979.012","824979.012","0","false","true",
"C","M","20240101","2024","1","202401","566","NGA","Nigeria","M","Import","0","W00","World","0","W00","World","H6","HS","true","8542","Electronic integrated circuits","4","false","C00","TOTAL CPC","0","0","TOTAL MOT","-1","N/A","0","false","-1","N/A","0","false","59125.357","true","0","false","1195502.474",,"1195502.474","4","false","true",
"C","M","20240101","2024","1","202401","579","NOR","Norway","M","Import","0","W00","World","0","W00","World","H6","HS","true","8542","Electronic integrated circuits","4","false","C00","TOTAL CPC","0","0","TOTAL MOT","-1","N/A","0","false","-1","N/A","0","false","24933","false","0","false","21192577.285",,"21192577.285","0","false","true",
"C","M","20240101","2024","1","202401","579","NOR","Norway","X","Export","0","W00","World","0","W00","World","H6","HS","true","8542","Electronic integrated circuits","4","false","C00","TOTAL CPC","0","0","TOTAL MOT","-1","N/A","0","false","-1","N/A","0","false","8723","false","0","false",,"4915836.505","4915836.505","0","false","true",
"C","M","20240101","2024","1","202401","586","PAK","Pakistan","M","Import","0","W00","World","0","W00","World","H6","HS","true","8542","Electronic integrated circuits","4","false","C00","TOTAL CPC","0","0","TOTAL MOT","-1","N/A","0","false","-1","N/A","0","false",,"false","0","false","1430711.95",,"1430711.95","0","false","true",
"C","M","20240101","2024","1","202401","586","PAK","Pakistan","X","Export","0","W00","World","0","W00","World","H6","HS","true","8542","Electronic integrated circuits","4","false","C00","TOTAL CPC","0","0","TOTAL MOT","5","u","7","false","5","u","7","false",,"false","0","false",,"673.882","673.882","0","false","true",
"C","M","20240101","2024","1","202401","591","PAN","Panama","M","Import","0","W00","World","0","W00","World","H6","HS","true","8542","Electronic integrated circuits","4","false","C00","TOTAL CPC","0","0","TOTAL MOT","-1","N/A","0","false","-1","N/A","0","false","2159","false","2159","false","348962",,"348962","0","false","true",
"C","M","20240101","2024","1","202401","600","PRY","Paraguay","M","Import","0","W00","World","0","W00","World","H6","HS","true","8542","Electronic integrated circuits","4","false","C00","TOTAL CPC","0","0","TOTAL MOT","-1","N/A","0","false","-1","N/A","0","false","9673.37","false","0","false","2474274.87","2406958.97","2474274.87","0","false","true",
"C","M","20240101","2024","1","202401","600","PRY","Paraguay","X","Export","0","W00","World","0","W00","World","H6","HS","true","8542","Electronic integrated circuits","4","false","C00","TOTAL CPC","0","0","TOTAL MOT","-1","N/A","0","false","-1","N/A","0","false","36.66","false","0","false",,"1742.33","1742.33","0","false","true",
"C","M","20240101","2024","1","202401","604","PER","Peru","M","Import","0","W00","World","0","W00","World","H6","HS","true","8542","Electronic integrated circuits","4","false","C00","TOTAL CPC","0","0","TOTAL MOT","-1","N/A","0","false","5","u","72335","false","51747.798","false","0","false","4342170.534","4283616.996","4342170.534","0","false","true",
"C","M","20240101","2024","1","202401","604","PER","Peru","X","Export","0","W00","World","0","W00","World","H6","HS","true","8542","Electronic integrated circuits","4","false","C00","TOTAL CPC","0","0","TOTAL MOT","5","u","31","false","5","u","31","false",,"false","0","false",,"26336.716","26336.716","0","false","true",
"C","M","20240101","2024","1","202401","608","PHL","Philippines","M","Import","0","W00","World","0","W00","World","H6","HS","true","8542","Electronic integrated circuits","4","false","C00","TOTAL CPC","0","0","TOTAL MOT","-1","N/A","0","false","-1","N/A","0","false","697314.031","true","949989.33","false","995759482","941176292","995759482","4","false","true",
"C","M","20240101","2024","1","202401","608","PHL","Philippines","X","Export","0","W00","World","0","W00","World","H6","HS","true","8542","Electronic integrated circuits","4","false","C00","TOTAL CPC","0","0","TOTAL MOT","-1","N/A","0","false","-1","N/A","0","false",,"false","1195220.07","false",,"2212935676","2212935676","0","false","true",
"C","M","20240101","2024","1","202401","616","POL","Poland","M","Import","0","W00","World","0","W00","World","H6","HS","true","8542","Electronic integrated circuits","4","false","C00","TOTAL CPC","0","0","TOTAL MOT","-1","N/A","0","false","-1","N/A","0","false","542471.048","true","0","false","328909020",,"328909020","4","false","true",
"C","M","20240101","2024","1","202401","616","POL","Poland","X","Export","0","W00","World","0","W00","World","H6","HS","true","8542","Electronic integrated circuits","4","false","C00","TOTAL CPC","0","0","TOTAL MOT","-1","N/A","0","false","-1","N/A","0","false","193192.221","true","0","false",,"34164201","34164201","4","false","true",
"C","M","20240101","2024","1","202401","620","PRT","Portugal","M","Import","0","W00","World","0","W00","World","H6","HS","true","8542","Electronic integrated circuits","4","false","C00","TOTAL CPC","0","0","TOTAL MOT","-1","N/A","0","false","-1","N/A","0","false","215901.381","true","0","false","123246960.601",,"123246960.601","4","false","true",
"C","M","20240101","2024","1","202401","620","PRT","Portugal","X","Export","0","W00","World","0","W00","World","H6","HS","true","8542","Electronic integrated circuits","4","false","C00","TOTAL CPC","0","0","TOTAL MOT","-1","N/A","0","false","-1","N/A","0","false","179549.832","true","0","false",,"46766547.251","46766547.251","4","false","true",
"C","M","20240101","2024","1","202401","642","ROU","Romania","M","Import","0","W00","World","0","W00","World","H6","HS","true","8542","Electronic integrated circuits","4","false","C00","TOTAL CPC","0","0","TOTAL MOT","-1","N/A","0","false","-1","N/A","0","false","714525.595","true","0","false","202322299.05","194167273.57","202322299.05","4","false","true",
"C","M","20240101","2024","1","202401","642","ROU","Romania","X","Export","0","W00","World","0","W00","World","H6","HS","true","8542","Electronic integrated circuits","4","false","C00","TOTAL CPC","0","0","TOTAL MOT","-1","N/A","0","false","-1","N/A","0","false","87942.9","true","0","false",,"14279737.08","14279737.08","4","false","true",
"C","M","20240101","2024","1","202401","678","STP","Sao Tome and Principe","M","Import","0","W00","World","0","W00","World","H6","HS","true","8542","Electronic integrated circuits","4","false","C00","TOTAL CPC","0","0","TOTAL MOT","-1","N/A","0","false","-1","N/A","0","false","10","false","10","false","2048.071",,"2048.071","0","false","true",
"C","M","20240101","2024","1","202401","682","SAU","Saudi Arabia","M","Import","0","W00","World","0","W00","World","H6","HS","true","8542","Electronic integrated circuits","4","false","C00","TOTAL CPC","0","0","TOTAL MOT","-1","N/A","0","false","-1","N/A","0","false","343246.554","true","0","false","8833449.646",,"8833449.646","4","false","true",
"C","M","20240101","2024","1","202401","682","SAU","Saudi Arabia","X","Export","0","W00","World","0","W00","World","H6","HS","true","8542","Electronic integrated circuits","4","false","C00","TOTAL CPC","0","0","TOTAL MOT","-1","N/A","0","false","-1","N/A","0","false","18548","false","0","false",,"823084.246","823084.246","0","false","true",
"C","M","20240101","2024","1","202401","688","SRB","Serbia","M","Import","0","W00","World","0","W00","World","H6","HS","true","8542","Electronic integrated circuits","4","false","C00","TOTAL CPC","0","0","TOTAL MOT","-1","N/A","0","false","-1","N/A","0","false","13094.415","true","0","false","12293084","12179999","12293084","4","false","true",
"C","M","20240101","2024","1","202401","688","SRB","Serbia","X","Export","0","W00","World","0","W00","World","H6","HS","true","8542","Electronic integrated circuits","4","false","C00","TOTAL CPC","0","0","TOTAL MOT","-1","N/A","0","false","-1","N/A","0","false",,"false","0","false",,"14414576","14414576","0","false","true",
"C","M","20240101","2024","1","202401","699","IND","India","M","Import","0","W00","World","0","W00","World","H6","HS","true","8542","Electronic integrated circuits","4","false","C00","TOTAL CPC","0","0","TOTAL MOT","-1","N/A","0","true","-1","N/A","0","false","1210403.349","true","0","false","2082322148.251",,"2082322148.251","6","false","true",
"C","M","20240101","2024","1","202401","699","IND","India","X","Export","0","W00","World","0","W00","World","H6","HS","true","8542","Electronic integrated circuits","4","false","C00","TOTAL CPC","0","0","TOTAL MOT","-1","N/A","0","true","-1","N/A","0","false",,"false","0","false",,"21514311.029","21514311.029","2","false","true",
"C","M","20240101","2024","1","202401","702","SGP","Singapore","M","Import","0","W00","World","0","W00","World","H6","HS","true","8542","Electronic integrated circuits","4","false","C00","TOTAL CPC","0","0","TOTAL MOT","-1","N/A","0","true","-1","N/A","0","false","4228146.176","true","0","false","7404601203.427",,"7404601203.427","6","false","true",
"C","M","20240101","2024","1","202401","702","SGP","Singapore","X","Export","0","W00","World","0","W00","World","H6","HS","true","8542","Electronic integrated circuits","4","false","C00","TOTAL CPC","0","0","TOTAL MOT","-1","N/A","0","false","-1","N/A","0","false",,"false","0","false",,"10423715671.364","10423715671.364","0","false","true",
"C","M","20240101","2024","1","202401","703","SVK","Slovakia","M","Import","0","W00","World","0","W00","World","H6","HS","true","8542","Electronic integrated circuits","4","false","C00","TOTAL CPC","0","0","TOTAL MOT","-1","N/A","0","false","-1","N/A","0","false","155436.895","true","0","false","67918916.873","66724556.89","67918916.873","4","false","true",
"C","M","20240101","2024","1","202401","703","SVK","Slovakia","X","Export","0","W00","World","0","W00","World","H6","HS","true","8542","Electronic integrated circuits","4","false","C00","TOTAL CPC","0","0","TOTAL MOT","-1","N/A","0","false","-1","N/A","0","false","66252.886","true","0","false",,"17658294.788","17658294.788","4","false","true",
"C","M","20240101","2024","1","202401","705","SVN","Slovenia","M","Import","0","W00","World","0","W00","World","H6","HS","true","8542","Electronic integrated circuits","4","false","C00","TOTAL CPC","0","0","TOTAL MOT","-1","N/A","0","false","-1","N/A","0","false","17939.565","false","0","false","10842614.854",,"10842614.854","0","false","true",
"C","M","20240101","2024","1","202401","705","SVN","Slovenia","X","Export","0","W00","World","0","W00","World","H6","HS","true","8542","Electronic integrated circuits","4","false","C00","TOTAL CPC","0","0","TOTAL MOT","-1","N/A","0","false","-1","N/A","0","false","2583.386","false","0","false",,"3332875.253","3332875.253","0","false","true",
"C","M","20240101","2024","1","202401","710","ZAF","South Africa","M","Import","0","W00","World","0","W00","World","H6","HS","true","8542","Electronic integrated circuits","4","false","C00","TOTAL CPC","0","0","TOTAL MOT","-1","N/A","0","false","-1","N/A","0","false","8413.358","true","0","false",,"13569825.47","13569825.47","4","false","true",
"C","M","20240101","2024","1","202401","710","ZAF","South Africa","X","Export","0","W00","World","0","W00","World","H6","HS","true","8542","Electronic integrated circuits","4","false","C00","TOTAL CPC","0","0","TOTAL MOT","-1","N/A","0","false","-1","N/A","0","false",,"false","0","false",,"1163230.172","1163230.172","0","false","true",
"C","M","20240101","2024","1","202401","716","ZWE","Zimbabwe","M","Import","0","W00","World","0","W00","World","H6","HS","true","8542","Electronic integrated circuits","4","false","C00","TOTAL CPC","0","0","TOTAL MOT","-1","N/A","0","true","-1","N/A","0","false","936.2","false","0","false","66356.629",,"66356.629","2","false","true",
"C","M","20240101","2024","1","202401","716","ZWE","Zimbabwe","X","Export","0","W00","World","0","W00","World","H6","HS","true","8542","Electronic integrated circuits","4","false","C00","TOTAL CPC","0","0","TOTAL MOT","5","u","1","false","5","u","1","false","0.5","false","0","false",,"128.847","128.847","0","false","true",
"C","M","20240101","2024","1","202401","724","ESP","Spain","M","Import","0","W00","World","0","W00","World","H6","HS","true","8542","Electronic integrated circuits","4","false","C00","TOTAL CPC","0","0","TOTAL MOT","-1","N/A","0","false","-1","N/A","0","false",,"false","0","false","112098265.978",,"112098265.978","0","false","true",
"C","M","20240101","2024","1","202401","724","ESP","Spain","X","Export","0","W00","World","0","W00","World","H6","HS","true","8542","Electronic integrated circuits","4","false","C00","TOTAL CPC","0","0","TOTAL MOT","-1","N/A","0","false","-1","N/A","0","false",,"false","0","false",,"30461624.414","30461624.414","0","false","true",
"C","M","20240101","2024","1","202401","752","SWE","Sweden","M","Import","0","W00","World","0","W00","World","H6","HS","true","8542","Electronic integrated circuits","4","false","C00","TOTAL CPC","0","0","TOTAL MOT","-1","N/A","0","false","-1","N/A","0","false",,"false","0","false","93545526.65",,"93545526.65","0","false","true",
"C","M","20240101","2024","1","202401","752","SWE","Sweden","X","Export","0","W00","World","0","W00","World","H6","HS","true","8542","Electronic integrated circuits","4","false","C00","TOTAL CPC","0","0","TOTAL MOT","-1","N/A","0","false","-1","N/A","0","false",,"false","0","false",,"23119135.099","23119135.099","0","false","true",
"C","M","20240101","2024","1","202401","757","CHE","Switzerland","M","Import","0","W00","World","0","W00","World","H6","HS","true","8542","Electronic integrated circuits","4","false","C00","TOTAL CPC","0","0","TOTAL MOT","-1","N/A","0","false","-1","N/A","0","false","50619.804","true","0","false","72686424.479",,"72686424.479","4","false","true",
"C","M","20240101","2024","1","202401","757","CHE","Switzerland","X","Export","0","W00","World","0","W00","World","H6","HS","true","8542","Electronic integrated circuits","4","false","C00","TOTAL CPC","0","0","TOTAL MOT","-1","N/A","0","false","-1","N/A","0","false","40137.672","true","0","false",,"79967496.228","79967496.228","4","false","true",
"C","M","20240101","2024","1","202401","764","THA","Thailand","M","Import","0","W00","World","0","W00","World","H6","HS","true","8542","Electronic integrated circuits","4","false","C00","TOTAL CPC","0","0","TOTAL MOT","-1","N/A","0","true","-1","N/A","0","false","928699.917","true","0","false","2134727949.401",,"2134727949.401","6","false","true",
"C","M","20240101","2024","1","202401","764","THA","Thailand","X","Export","0","W00","World","0","W00","World","H6","HS","true","8542","Electronic integrated circuits","4","false","C00","TOTAL CPC","0","0","TOTAL MOT","-1","N/A","0","false","-1","N/A","0","false",,"false","0","false",,"721784720.334","721784720.334","0","false","true",
"C","M","20240101","2024","1","202401","768","TGO","Togo","M","Import","0","W00","World","0","W00","World","H5","HS","true","8542","Electronic integrated circuits","4","false","C00","TOTAL CPC","0","0","TOTAL MOT","-1","N/A","0","false","-1","N/A","0","false","55","false","0","false","14237.428",,"14237.428","0","false","true",
"C","M","20240101","2024","1","202401","780","TTO","Trinidad and Tobago","M","Import","0","W00","World","0","W00","World","H4","HS","true","8542","Electronic integrated circuits","4","false","C00","TOTAL CPC","0","0","TOTAL MOT","5","u","1376","false","5","u","1376","false","1542.299","true","0","false","141585.799",,"141585.799","4","false","true",
"C","M","20240101","2024","1","202401","780","TTO","Trinidad and Tobago","X","Export","0","W00","World","0","W00","World","H4","HS","true","8542","Electronic integrated circuits","4","false","C00","TOTAL CPC","0","0","TOTAL MOT","5","u","2","false","5","u","2","false","111","false","0","false",,"4737.973","4737.973","0","false","true",
"C","M","20240101","2024","1","202401","792","TUR","Türkiye","M","Import","0","W00","World","0","W00","World","H6","HS","true","8542","Electronic integrated circuits","4","false","C00","TOTAL CPC","0","0","TOTAL MOT","-1","N/A","0","false","-1","N/A","0","false","169690","false","0","false","87520553","82378189.34","87520553","0","false","true",
"C","M","20240101","2024","1","202401","792","TUR","Türkiye","X","Export","0","W00","World","0","W00","World","H6","HS","true","8542","Electronic integrated circuits","4","false","C00","TOTAL CPC","0","0","TOTAL MOT","-1","N/A","0","false","-1","N/A","0","false","33719","false","0","false",,"3529059","3529059","0","false","true",
"C","M","20240101","2024","1","202401","804","UKR","Ukraine","M","Import","0","W00","World","0","W00","World","H6","HS","true","8542","Electronic integrated circuits","4","false","C00","TOTAL CPC","0","0","TOTAL MOT","-1","N/A","0","false","-1","N/A","0","false","13645.56","false","0","false","15787008.4",,"15787008.4","0","false","true",
"C","M","20240101","2024","1","202401","804","UKR","Ukraine","X","Export","0","W00","World","0","W00","World","H6","HS","true","8542","Electronic integrated circuits","4","false","C00","TOTAL CPC","0","0","TOTAL MOT","5","u","955274.18","true","-1","N/A","0","false","716.014","false","0","false",,"1333946.47","1333946.47","2","false","true",
"C","M","20240101","2024","1","202401","807","MKD","North Macedonia","M","Import","0","W00","World","0","W00","World","H6","HS","true","8542","Electronic integrated circuits","4","false","C00","TOTAL CPC","0","0","TOTAL MOT","-1","N/A","0","false","-1","N/A","0","false","4424.696","true","0","false","8153751.65",,"8153751.65","4","false","true",
"C","M","20240101","2024","1","202401","807","MKD","North Macedonia","X","Export","0","W00","World","0","W00","World","H6","HS","true","8542","Electronic integrated circuits","4","false","C00","TOTAL CPC","0","0","TOTAL MOT","-1","N/A","0","false","-1","N/A","0","false","41.126","true","0","false",,"96050.517","96050.517","4","false","true",
"C","M","20240101","2024","1","202401","818","EGY","Egypt","M","Import","0","W00","World","0","W00","World","H6","HS","true","8542","Electronic integrated circuits","4","false","C00","TOTAL CPC","0","0","TOTAL MOT","-1","N/A","0","false","-1","N/A","0","false",,"false","0","false","12565227.332",,"12565227.332","0","false","true",
"C","M","20240101","2024","1","202401","818","EGY","Egypt","X","Export","0","W00","World","0","W00","World","H6","HS","true","8542","Electronic integrated circuits","4","false","C00","TOTAL CPC","0","0","TOTAL MOT","-1","N/A","0","false","-1","N/A","0","false",,"false","0","false",,"455974.64","455974.64","0","false","true",
"C","M","20240101","2024","1","202401","826","GBR","United Kingdom","M","Import","0","W00","World","0","W00","World","H6","HS","true","8542","Electronic integrated circuits","4","false","C00","TOTAL CPC","0","0","TOTAL MOT","-1","N/A","0","false","-1","N/A","0","false","467734.731","true","0","false","242803811.664",,"242803811.664","4","false","true",
"C","M","20240101","2024","1","202401","826","GBR","United Kingdom","X","Export","0","W00","World","0","W00","World","H6","HS","true","8542","Electronic integrated circuits","4","false","C00","TOTAL CPC","0","0","TOTAL MOT","-1","N/A","0","false","-1","N/A","0","false","249230.359","true","0","false",,"92467377.435","92467377.435","4","false","true",
"C","M","20240101","2024","1","202401","842","USA","USA","M","Import","0","W00","World","0","W00","World","H6","HS","true","8542","Electronic integrated circuits","4","false","C00","TOTAL CPC","0","0","TOTAL MOT","-1","N/A","0","false","-1","N/A","0","false",,"false","0","false","2809141496","2793380942","2809141496","0","false","true",
"C","M","20240101","2024","1","202401","842","USA","USA","X","Export","0","W00","World","0","W00","World","H6","HS","true","8542","Electronic integrated circuits","4","false","C00","TOTAL CPC","0","0","TOTAL MOT","-1","N/A","0","false","-1","N/A","0","false",,"false","0","false",,"3719547573","3719547573","0","false","true",
"C","M","20240101","2024","1","202401","854","BFA","Burkina Faso","M","Import","0","W00","World","0","W00","World","H6","HS","true","8542","Electronic integrated circuits","4","false","C00","TOTAL CPC","0","0","TOTAL MOT","-1","N/A","0","false","-1","N/A","0","false","51750","false","0","false","120610.746",,"120610.746","0","false","true",
"C","M","20240101","2024","1","202401","860","UZB","Uzbekistan","M","Import","0","W00","World","0","W00","World","H6","HS","true","8542","Electronic integrated circuits","4","false","C00","TOTAL CPC","0","0","TOTAL MOT","-1","N/A","0","false","-1","N/A","0","false","1050.889","true","0","false","1913708",,"1913708","4","false","true",
"C","M","20240101","2024","1","202401","860","UZB","Uzbekistan","X","Export","0","W00","World","0","W00","World","H6","HS","true","8542","Electronic integrated circuits","4","false","C00","TOTAL CPC","0","0","TOTAL MOT","5","u","22","false","5","u","22","false",,"false","0","false",,"615","615","0","false","true",
